{
  "create:root": {
    "criteria": {
      "0": "2024-06-16 10:11:50 +0000"
    },
    "done": true
  },
  "simplyswords:grant_book_on_first_join": {
    "criteria": {
      "tick": "2024-06-16 10:11:51 +0000"
    },
    "done": true
  },
  "1_splatus:ultris/root": {
    "criteria": {
      "c1": "2024-06-16 10:11:50 +0000"
    },
    "done": true
  },
  "minecraft:recipes/decorations/crafting_table": {
    "criteria": {
      "unlock_right_away": "2024-06-16 10:11:51 +0000"
    },
    "done": true
  },
  "naturalist:recipes/food/cooked_egg": {
    "criteria": {
      "has_eggs": "2024-06-16 10:11:50 +0000"
    },
    "done": true
  },
  "vs_eureka:recipes/balloon_color": {
    "criteria": {
      "has_red_balloon": "2024-06-16 10:11:50 +0000",
      "has_black_balloon": "2024-06-16 10:11:50 +0000",
      "has_lime_balloon": "2024-06-16 10:11:50 +0000",
      "has_cyan_balloon": "2024-06-16 10:11:50 +0000",
      "has_light_blue_balloon": "2024-06-16 10:11:50 +0000",
      "has_gray_balloon": "2024-06-16 10:11:50 +0000",
      "has_pink_balloon": "2024-06-16 10:11:50 +0000",
      "has_light_gray_balloon": "2024-06-16 10:11:50 +0000",
      "has_white_balloon": "2024-06-16 10:11:50 +0000",
      "has_blue_balloon": "2024-06-16 10:11:50 +0000",
      "has_yellow_balloon": "2024-06-16 10:11:50 +0000",
      "has_purple_balloon": "2024-06-16 10:11:50 +0000",
      "has_orange_balloon": "2024-06-16 10:11:50 +0000",
      "has_brown_balloon": "2024-06-16 10:11:50 +0000",
      "has_green_balloon": "2024-06-16 10:11:50 +0000",
      "has_magenta_balloon": "2024-06-16 10:11:50 +0000"
    },
    "done": true
  },
  "dungeons_arise:wda_root": {
    "criteria": {
      "WDA": "2024-06-16 10:11:51 +0000"
    },
    "done": true
  },
  "niftycarts:recipes/supply_cart": {
    "criteria": {
      "has_wheel": "2024-06-16 10:11:50 +0000"
    },
    "done": true
  },
  "niftycarts:recipes/plow": {
    "criteria": {
      "has_wheel": "2024-06-16 10:11:50 +0000"
    },
    "done": true
  },
  "vs_eureka:recipes/balloon_leather": {
    "criteria": {
      "has_leather": "2024-06-16 10:11:50 +0000"
    },
    "done": true
  },
  "vs_eureka:recipes/ship_helm": {
    "criteria": {
      "has_gold": "2024-06-16 10:11:50 +0000"
    },
    "done": true
  },
  "betterdungeons:root": {
    "criteria": {
      "always": "2024-06-16 10:11:51 +0000"
    },
    "done": true
  },
  "vs_eureka:recipes/balloon_paper": {
    "criteria": {
      "has_paper": "2024-06-16 10:11:50 +0000"
    },
    "done": true
  },
  "vs_eureka:recipes/balloon_membrane": {
    "criteria": {
      "has_membrane": "2024-06-16 10:11:50 +0000"
    },
    "done": true
  },
  "delightfulcreators:root": {
    "criteria": {
      "0": "2024-06-16 10:11:50 +0000"
    },
    "done": true
  },
  "modern_industrialization:guidebook": {
    "criteria": {
      "checkInv": "2024-06-16 10:11:50 +0000"
    },
    "done": true
  },
  "betterdeserttemples:root": {
    "criteria": {
      "always": "2024-06-16 10:11:51 +0000"
    },
    "done": true
  },
  "farmersdelight:main/root": {
    "criteria": {
      "seeds": "2024-06-16 10:11:50 +0000"
    },
    "done": true
  },
  "niftycarts:recipes/animal_cart": {
    "criteria": {
      "has_wheel": "2024-06-16 10:11:50 +0000"
    },
    "done": true
  },
  "DataVersion": 3465
}